MONFOOT-5-Pairs-Breathable-No-Show-Non-slip	B0BKRCZQHR
MONFOOT-5-Pairs-Breathable-No-Show-Non-slip	B0BKRCZQHR
MONFOOT-Athletic-Cushioned-Mountain-Glitter	B0C9Q6FPF8
MONFOOT-Athletic-Cushioned-Running-Performance	B08CK1QS7T
MONFOOT-Athletic-Cushioned-Running-Performance	B08CKP7GJQ
MONFOOT-Athletic-Cushioned-Running-Performance	B08CK46LSX
MONFOOT-Athletic-Cushioned-Running-Performance	B08CKP7GJQ
MONFOOT-Athletic-Cushioned-Running-Performance	B08CKMVQJV
MONFOOT-Athletic-Cushioned-Running-Performance	B08CK1QS7T
MONFOOT-Athletic-Cushioned-Running-Performance	B08CK46LSX
MONFOOT-Athletic-Cushioned-Running-Performance	B08CKP7GJQ
MONFOOT-Athletic-Cushioned-Running-Performance	B08CKMVQJV
MONFOOT-Athletic-Cushioned-Running-Performance	B08CKKSJC8
MONFOOT-Athletic-Cushioned-Running-Performance	B09HS711TG
MONFOOT-Athletic-Cushioned-Running-Performance	B08CK1QS7T
MONFOOT-Athletic-Running-Cushioned-Performance	B08236GGCD
MONFOOT-Athletic-Running-Cushioned-Quarter	B094CV2H9G
MONFOOT-Athletic-Running-Cushioned-Quarter	B094CRTVDT
MONFOOT-Comfort-Cushion-Support-Quarter	B092ZG2LT9
MONFOOT-Comfort-Cushion-Support-Quarter	B092ZG4PZP
MONFOOT-Comfort-Cushion-Support-Quarter	B092ZFSSQM
MONFOOT-Comfort-Cushion-Support-Quarter	B092ZG4PZP
MONFOOT-Comfort-Cushion-Support-Quarter	B092ZFSSQM
MONFOOT-Cushion-Comfort-Performance-Quarter	B09X1B31P9
MONFOOT-Cushion-Comfort-Performance-Quarter	B09X18HNQ8
MONFOOT-Cushion-Comfort-Performance-Quarter	B09X17PXKV
MONFOOT-Cushion-Comfort-Performance-Quarter	B09X197BH3
MONFOOT-Eco-friendly-Cushioned-Wholesale-Packs_cotton	B08CK656BL
MONFOOT-Eco-friendly-Cushioned-Wholesale-Packs_cotton	B08CK656BL
MONFOOT-Eco-friendly-Cushioned-Wholesale-Packs_cotton	B08CKBCJLD
MONFOOT-Eco-friendly-Cushioned-Wholesale-Packs_cotton	B08CKKVKZZ
MONFOOT-Pairs-Athletic-Running-Cushioned	B08M64H45L
MONFOOT-Pairs-Athletic-Running-Cushioned	B08Q3DB67B
MONFOOT-Pairs-Athletic-Running-Cushioned	B08M5P4VXN
MONFOOT-Pairs-Athletic-Running-Cushioned	B08M6413HJ
MONFOOT-Pairs-Colorful-Topper-Invisible	B08X67XB5R
MONFOOT-Pairs-Cotton-Socks-Medium	B08237KV3R
MONFOOT-Pairs-Cotton-Socks-Medium	B08237KV3R
MONFOOT-Pairs-Cotton-Socks-Women	B08234MYC5
MONFOOT-Pairs-Cushion-Non-Slip-Socks	B08JSMNF4T
MONFOOT-Pairs-Cushion-Non-Slip-Socks	B08JSQJ8Z4
MONFOOT-Pairs-Cushion-Non-Slip-Socks	B08N64TBK1
MONFOOT-Pairs-Cushion-Non-Slip-Socks	B08N64C2RQ
MONFOOT-Pairs-Cushion-Non-Slip-Socks	B08WPD16M7
MONFOOT-Pairs-Cushion-Non-Slip-Socks	B08WQ488F1
MONFOOT-Pairs-Cushion-Non-Slip-Socks	B08W4XZXNG
MONFOOT-Pairs-Cushion-Non-Slip-Socks	B08W4XFHZ8
MONFOOT-Pairs-Light-Cotton-Socks	B08BL48M2B
MONFOOT-Pairs-Light-Cotton-Socks	B08BL3X7DY
MONFOOT-Pairs-Light-Cotton-Socks	B08BL3X7DY
MONFOOT-Women-Pairs-Moisturizing-Slipper	B09871TFJC
MONFOOT-Womens-10-Pack-Comfortable-Casual	B09X1DGJWN
MONFOOT-Womens-10-Pack-Comfortable-Cushion	B09X1CYLCZ
MONFOOT-Womens-10-Pack-Cotton-Ankle	B08235VNBB
MONFOOT-Womens-10-Pack-Cotton-Ankle	B0823MYD6N
MONFOOT-Womens-10-Pack-Cotton-Ankle	B08235VNBB
MONFOOT-Womens-10-Pack-Cotton-Ankle	B0823MYD6N
MONFOOT-Womens-3-Pack-Vintage-Socks	B09X6Z9ZGJ
MONFOOT-Womens-4-Pack-Ankle-Socks	B09X6ZX5ZJ
MONFOOT-Womens-4-Pack-Athletic-Cushioned	B09HS4LRGG
MONFOOT-Womens-4-Pack-Athletic-Cushioned	B09HS4GPZ7
MONFOOT-Womens-4-Pack-Athletic-Cushioned	B09HS4LRGG
MONFOOT-Womens-4-Pack-Slouch-Extra	B09X6ZWK2S
MONFOOT-Womens-4-Pack-Slouch-Extra	B09X6ZWK2S
MONFOOT-Womens-4-Pack-Slouch-Medium	B0BJDKQRYX
MONFOOT-Womens-8-Pack-Cotton-Ankle	B09HS2BP1G
MONFOOT-Womens-8-Pack-Cotton-Ankle	B09HS2PL6L
MONFOOT-Womens-8-Pack-Cotton-Ankle	B09HRYZM33
MONFOOT-Womens-Athletic-Cushion-Better	B0C9Q4V3K1
MONFOOT-Womens-Athletic-Cushion-Better	B0C9Q57M5V
MONFOOT-Womens-Athletic-Cushioned-Colored	B09NLJQWQM
MONFOOT-Womens-Athletic-Cushioned-Glitter	B0C9Q75MTG
MONFOOT-Womens-Athletic-Cushioned-Glitter	B0C9Q6LRMT
MONFOOT-Womens-Athletic-Cushioned-Stripe	B0C9Q73141
MONFOOT-Womens-Athletic-Cushioned-Stripe	B0C9Q5FWJ2
MONFOOT-Womens-Athletic-Cushioned-Striped	B09NLMKW9T
MONFOOT-Womens-Athletic-Cushioned-Unsorted	B0C9Q4M8LG
MONFOOT-Womens-Athletic-Cushioned-Unsorted	B0C9Q6KJ6H
MONFOOT-Womens-Athletic-Cushioned-Unsorted	B0C9Q75MPB
MONFOOT-Womens-Athletic-Cushion-Glitter	B0C9Q541QR
MONFOOT-Womens-Athletic-Cushion-Glitter	B0C9Q5VXDR
MONFOOT-Womens-Athletic-Cushion-Glitter	B0C9Q6H878
MONFOOT-Womens-Athletic-Cushion-Medium	B0C9QCDTL1
MONFOOT-Womens-Athletic-Cushion-Medium	B0C9QCWHYD
MONFOOT-Womens-Athletic-Cushion-Sorted	B0C9Q525ZS
MONFOOT-Womens-Athletic-Cushion-Sorted	B0C9Q3KGPZ
MONFOOT-Womens-Athletic-Skate-Cushion	B0C9Q6SGSG
MONFOOT-Womens-Athletic-Skate-Cushion	B0C9Q4YX5G
MONFOOT-Womens-Athletic-Skate-Cushion	B0C9Q66VTP
MONFOOT-Womens-Athletic-Skate-Cushion	B0C9Q6Y7ZJ
MONFOOT-Womens-Athletic-Skate-Cushion	B0C9Q6SGSG
MONFOOT-Womens-Athletic-Skate-Cushion	B0C9Q5V21W
MONFOOT-Womens-Athletic-Skate-Cushion	B0C9Q4YX5G
MONFOOT-Womens-Athletic-Skate-Cushion	B0C9Q7PQPC
MONFOOT-Womens-Athletic-Skate-Cushion	B0C9Q6L3SX
MONFOOT-Womens-Athletic-Skate-Cushion	B0C9Q3QP4H
MONFOOT-Womens-Athletic-Skate-Cushioned	B0BRK284L5
MONFOOT-Womens-Athletic-Skate-Cushioned	B0BRK1YK5R
MONFOOT-Womens-Athletic-Skate-Cushioned	B0BRK252N1
MONFOOT-Womens-Athletic-Skate-Cushioned	B0BRK22NQX
MONFOOT-Womens-Athletic-Skate-Cushioned	B0BRK1CR76
MONFOOT-Womens-Athletic-Skate-Cushioned	B0BRK23HD2
MONFOOT-Womens-Athletic-Skate-Cushioned	B0BRK1WJG9
MONFOOT-Womens-Athletic-Skate-Cushioned	B0BRJZNF2Q
MONFOOT-Womens-Athletic-Skate-Cushioned	B0BRK1HMP2
MONFOOT-Womens-Athletic-Skate-Cushioned	B0BRK1FC6V
MONFOOT-Womens-Athletic-Skate-Cushioned	B0BRK29XTQ
MONFOOT-Womens-Athletic-Skate-Cushioned	B0BRK1D33K
MONFOOT-Womens-Athletic-Skate-Cushioned	B0BRK1GJJ9
MONFOOT-Womens-Athletic-Skate-Cushioned	B0BRK284L5
MONFOOT-Womens-Cotton-Lightweight-Quarter	B08BLBT6XV
MONFOOT-Womens-Cotton-Lightweight-Quarter	B08BL99K7P
MONFOOT-Womens-Cotton-Lightweight-Quarter	B08BLBT6XV
MONFOOT-Womens-Cotton-Lightweight-Quarter	B08BLD489K
MONFOOT-Womens-Glitter-Comfortable-Quarter	B0C9Q4BZ6W
MONFOOT-Womens-Glitter-Comfortable-Quarter	B0C9Q7C5JL
MONFOOT-Womens-Glitter-Comfortable-Quarter	B0C9Q5Y79S
MONFOOT-5-Pairs-Cushioned-No-Show-Non-slip	B09NCTJ926
MONFOOT-5-Pairs-Cushioned-No-Show-Non-slip	B09NCS9T23
MONFOOT-Eco-friendly-Cushioned-Wholesale-Packs_cotton	B08CK9XHFN
MONFOOT-Eco-friendly-Cushioned-Wholesale-Packs_cotton	B08CKBYQ6H
MONFOOT-Eco-friendly-Cushioned-Wholesale-Packs_cotton	B08CK6GML3
MONFOOT-Pairs-Cushion-Non-Slip-Socks	B08N64TBK1
MONFOOT-Pairs-Cushion-Non-Slip-Socks	B093ZK6LVD
MONFOOT-Women-Pairs-Moisturizing-Slipper	B0986XZS4M
MONFOOT-Women-Pairs-Moisturizing-Slipper	B09871TFJC
MONFOOT-Women-Pairs-Moisturizing-Slipper	B0986XZS4M
MONFOOT-Women-Pairs-Moisturizing-Slipper	B0986ZK6YH
MONFOOT-Womens-3-Pack-Vintage-Socks	B09X6ZQRKV
MONFOOT-Womens-3-Pack-Vintage-Socks	B09X6Z9ZGJ
MONFOOT-Womens-3-Pack-Vintage-Socks	B09X6Y9VXN
MONFOOT-Womens-4-Pack-Cushioned-Multicolor	B09HS3PW93
MONFOOT-Womens-4-Pack-Slouch-Extra	B09X6ZWK2S
MONFOOT-Womens-Cotton-Cushioned-Ankle	B09X16GB2K
MONFOOT-Womens-Mens-Vintage-Socks	B0C9QCPWXJ
MONFOOT-Womens-Slouch-Cotton-Tie-Dye	B0C9Q8V4ST
MONFOOT-Womens-Slouch-Extra-Polytam	B0C9QBFDF1
MONFOOT-Womens-Super-Fuzzy-Slipper	B0C9QC35SP
MONFOOT-Womens-Vintage-Socks-Natural	B0C9QD5GHP